{
  "Seco": 395054.0,
  "Ahohacu": 118169.0,
  "Awipa": 380569.0,
  "Duti": 15860.0,
  "Buter": 465776.0,
  "Boga": 645882.0,
  "Epicu": 132586.0,
  "Cimyg": 331363.0,
  "Ikigo": 66985.0,
  "Zuka": 219619.15852384473,
  "Juvo": 493262.0,
  "Fifucyb": 217642.43944543513,
  "Aqywad": 8792.0,
  "Ityro": 74759.42918380196,
  "Owiv": 176509.0,
  "Gyhyn": 22395.0,
  "Jeret": 216796.0,
  "Umaku": 46388.0,
  "Dukad": 384333.78226598253,
  "Nivyhix": 90784.0,
  "Pypuvot": 20652.0,
  "Fyrax": 744063.3745793969,
  "Ezabuc": 13706.0,
  "Uxodu": 254505.0,
  "Jozyh": 63779.080581085145,
  "Exogux": 202529.4133077769,
  "Ylavi": 121742.0,
  "Igifuw": 660682.5103413382,
  "Ulik": 622655.2965244597,
  "Ixydaj": 133940.98476429982,
  "Vyfy": 84688.0,
  "Yfas": 492932.0,
  "Egyheg": 13657.0,
  "Ylobyji": 361562.0,
  "Pesare": 517984.0,
  "Obunox": 359568.72835771705,
  "Banat": 5974.129217910962,
  "Ajojeku": 68446.0,
  "Heka": 617780.0,
  "Uruz": 144568.0,
  "Xigani": 182247.83993617547,
  "Mebigy": 119070.0,
  "Hopelac": 14621.0,
  "Mazyxut": 290651.0054976982,
  "Odonec": 32144.6049539167,
  "Hokerud": 75430.0,
  "Uwypigy": 58855.0,
  "Curex": 348271.0,
  "Evomux": 58323.41908547336,
  "Nybup": 448402.7505086992,
  "Fyqe": 524693.4081654599,
  "Naci": 175800.49160743176,
  "Jywap": 852696.0,
  "Xowyhy": 156480.0,
  "Mefola": 22245.0,
  "Cywyb": 48839.674088389234,
  "Avufeso": 696626.0,
  "Sara": 571570.1427506059,
  "Axeso": 520676.64718015405,
  "Zutami": 158033.0,
  "Limypyc": 199570.0,
  "Ezif": 249786.08901374578,
  "Fozefis": 86780.0,
  "Gyroty": 403784.0,
  "Naqy": 212880.0,
  "Guqiqir": 83410.0,
  "Ybuv": 12571.0,
  "Hudej": 13130.0,
  "Odad": 319868.0,
  "Kofeby": 156946.0,
  "Ydyb": 251917.6090260655,
  "Ixykat": 118104.0,
  "Ovov": 37028.60694727706,
  "Ezatiw": 288383.8448814662,
  "Owuwyre": 548973.0,
  "Uqyhy": 73922.3077642263,
  "Inyfuxa": 30611.529323437262,
  "Ehuz": 5949.0,
  "Yfuha": 435507.0,
  "Osonixy": 91620.0,
  "Jebos": 114267.0,
  "Equl": 596978.0,
  "Casywud": 34872.32610113656,
  "Aryl": 13376.0,
  "Qeqane": 22845.394208795893,
  "Otadoqu": 279312.0,
  "Dyxuku": 173952.0,
  "Ihyv": 483446.2626747943,
  "Noxamet": 46094.0,
  "Zajunes": 292628.0,
  "Axemilo": 45800.64967765179,
  "Pazon": 64343.60507426686,
  "Gyhy": 335861.0,
  "Raqa": 94389.45482423995,
  "Ulap": 79864.0,
  "Ilofosu": 116529.0,
  "Xunivac": 133456.43898242482,
  "Ahaxaxy": 364315.0,
  "Busac": 32670.0,
  "Fytuhah": 167892.0,
  "Yjedek": 7204.671980503648,
  "Arasova": 23796.13751122348,
  "Dywod": 45054.559957487865,
  "Otilu": 369984.8477187078,
  "Owyca": 69336.09877798345,
  "Bizor": 421416.0,
  "Ahyh": 16589.0,
  "Mudera": 50099.0,
  "Acuv": 97918.1926759721,
  "Axegar": 732610.0008820035,
  "Uvucata": 16022.0,
  "Obycoz": 35880.0,
  "Huzaguh": 5967.0,
  "Yjefex": 108030.91315923569,
  "Ahyxe": 166092.25009424938,
  "Bicawij": 194068.44318059337,
  "Mubonow": 250062.0139757235,
  "Ydojani": 46325.0,
  "Enoqo": 42594.0,
  "Zewez": 278034.0,
  "Egacoc": 432065.0,
  "Ucuv": 41533.3724567838,
  "Qibyz": 586248.0,
  "Yficyx": 95287.0,
  "Oqyluvo": 455151.0,
  "Gucumyz": 277532.0,
  "Ogagafu": 215653.6517899751,
  "Oxemuse": 129298.0,
  "Iboq": 286077.0,
  "Locukaq": 115088.46659535026,
  "Okeh": 413981.0,
  "Hiruz": 60727.49616378936,
  "Ekap": 45000.325217988735,
  "Oweboqa": 360892.9869781998,
  "Xoge": 437719.5629677913,
  "Yjaq": 558386.3908342465,
  "Demequg": 137853.0,
  "Yjyq": 616551.6405010225,
  "Uzemyt": 260274.0,
  "Kecebu": 73945.0,
  "Fihucag": 437264.6121905666,
  "Muky": 48982.0,
  "Zajyne": 514199.0,
  "Jiqyma": 74233.0,
  "Niveze": 16727.0,
  "Upyfak": 312579.0,
  "Wylivi": 57151.58907062552,
  "Xysorit": 18398.158043651532,
  "Zyxa": 136389.95100356342,
  "Fatugen": 4061.0,
  "Qygyji": 395450.5958737216,
  "Okek": 205244.4045718728,
  "Zevato": 898011.1895687316,
  "Kevim": 328090.0,
  "Uvyso": 68627.0,
  "Syjizak": 573625.4222414194,
  "Uduwi": 56776.50847428096,
  "Adon": 16612.79388938757,
  "Jaroxy": 304788.43346376583,
  "Awok": 721979.4737089379,
  "Ebijar": 13389.0,
  "Faperi": 74698.0,
  "Ewenih": 75766.01275926884,
  "Lagako": 91483.7683087428,
  "Jydoxah": 829925.5718679901,
  "Sofo": 18129.890051246137,
  "Bymel": 83148.12365598438,
  "Tebynal": 13111.533954635788,
  "Lasadel": 831657.0,
  "Gyjiryn": 36698.0,
  "Nivyvu": 286394.0,
  "Fyhexyj": 200892.0,
  "Qaco": 925964.0,
  "Suheha": 219155.0,
  "Ogygypu": 277414.0,
  "Sywul": 520115.0,
  "Ibulidu": 245920.0,
  "Amazu": 90543.0,
  "Ytimu": 44263.0,
  "Zoneqo": 620259.0,
  "Agecyx": 168607.0,
  "Ekazira": 261434.71062969582,
  "Exor": 91867.07420117463,
  "Moxux": 250170.0,
  "Uhota": 241824.0,
  "Apolax": 634367.5774864131,
  "Xevu": 146022.4097299781,
  "Ycetuva": 364221.11353307613,
  "Petuter": 424897.0,
  "Panekuz": 336161.0,
  "Yfyd": 243183.7697600336,
  "Ogige": 454340.4721385432,
  "Hega": 44461.0,
  "Arek": 360977.6183931459,
  "Novyh": 337701.8502130866,
  "Gytuno": 327056.2110597766,
  "Mexox": 173242.9669278821,
  "Mujil": 907326.0,
  "Koxici": 64759.0,
  "Ebudub": 35823.0,
  "Wepom": 44152.400261034854,
  "Eradyte": 395423.0,
  "Uvysute": 380221.0990424267,
  "Ejeka": 316274.0,
  "Eputo": 383104.695192317,
  "Iheva": 20003.0,
  "Ilicu": 135279.95502809586,
  "Tesoh": 887974.226159165,
  "Gavufem": 309895.18048819184,
  "Isur": 39219.88038300944,
  "Dykop": 160965.0,
  "Wolyda": 285077.0,
  "Akovij": 80.0,
  "Mapov": 193738.63169421942,
  "Cucat": 56802.0,
  "Isowe": 176324.29361256867,
  "Yrewi": 208517.0,
  "Sewyd": 709612.0156051792,
  "Ynuxy": 5330.739093248944,
  "Ynypira": 130532.99039096398,
  "Zuhuh": 651734.5296730865,
  "Helah": 19381.0,
  "Jabodi": 186192.61578682315,
  "Isyhoq": 16106.04940856617,
  "Wyxo": 224530.0,
  "Omama": 484298.0,
  "Sujebe": 158507.08643966273,
  "Hixahoz": 123791.0,
  "Ufypoh": 909549.91292136,
  "Uzozi": 530678.0,
  "Sucal": 25510.0,
  "Tijiha": 116594.0,
  "Wydicoq": 323742.0,
  "Vudex": 539669.8263659464,
  "Etica": 150351.65486098937,
  "Fuboq": 135490.33203576907,
  "Azogac": 49609.54032918689,
  "Ucazo": 92287.0,
  "Jece": 709711.0,
  "Aneryw": 883858.0,
  "Wefema": 557426.0687901962,
  "Puhywy": 14736.874634643118,
  "Ovaby": 171874.0,
  "Ykupy": 336775.58847256313,
  "Idisib": 232195.0,
  "Ohasipi": 215088.83580164454,
  "Obusixo": 216635.7232369462,
  "Uvyjyva": 264837.0,
  "Umam": 298970.9052888715,
  "Acam": 845955.0145207505,
  "Enakuc": 387278.0,
  "Uwas": 220492.0,
  "Ketory": 114559.0,
  "Utemoqa": 192947.0,
  "Ineluku": 132000.0,
  "Xyru": 608978.6927488311,
  "Onovygu": 395054.0,
  "Zivuva": 118169.0,
  "Ikohat": 380569.0,
  "Epaq": 15860.0,
  "Bosywu": 465776.0,
  "Gagycon": 645882.0,
  "Bafuhyf": 132586.0,
  "Ucyv": 331363.0,
  "Ucanak": 66985.0,
  "Isitaha": 219619.15852384473,
  "Powi": 493262.0,
  "Acis": 217642.43944543513,
  "Ykasu": 8792.0,
  "Utizyx": 74759.42918380196,
  "Isiw": 176509.0,
  "Ehucy": 22395.0,
  "Coqo": 216796.0,
  "Owon": 46388.0,
  "Okimube": 384333.78226598253,
  "Ewosapy": 90784.0,
  "Ikikydu": 20652.0,
  "Aqosi": 744063.3745793969,
  "Gida": 13706.0,
  "Ozinuko": 254505.0,
  "Pikyde": 63779.080581085145,
  "Opuh": 202529.4133077769,
  "Juhuc": 121742.0,
  "Yjahyqa": 660682.5103413382,
  "Xylyzuc": 622655.2965244597,
  "Unapi": 133940.98476429982,
  "Xybuza": 84688.0,
  "Evowezu": 492932.0,
  "Vyfex": 13657.0,
  "Pojop": 361562.0,
  "Kevipup": 517984.0,
  "Hevu": 359568.72835771705,
  "Yfesuqy": 5974.129217910962,
  "Efizug": 68446.0,
  "Iqosof": 617780.0,
  "Osem": 144568.0,
  "Azyw": 182247.83993617547,
  "Ificiq": 119070.0,
  "Ihuxib": 14621.0,
  "Tocuge": 290651.0054976982,
  "Ujopire": 32144.6049539167,
  "Cizir": 75430.0,
  "Qesano": 58855.0,
  "Onuxi": 348271.0,
  "Lalewuz": 58323.41908547336,
  "Umesec": 448402.7505086992,
  "Axemiq": 524693.4081654599,
  "Icibi": 175800.49160743176,
  "Ehehel": 852696.0,
  "Xideny": 156480.0,
  "Xace": 22245.0,
  "Ykepova": 48839.674088389234,
  "Gerut": 696626.0,
  "Lobipid": 571570.1427506059,
  "Sahu": 520676.64718015405,
  "Utufer": 158033.0,